target_index,date,scope,primary_cross_entropy,raw_cross_entropy,ewma_cross_entropy,primary_js_divergence,primary_cosine_similarity,top_k_coverage,top_k
1366,2025-04-14,lockbox,5.157747344868147,5.2887031413404815,5.14515600552815,0.28364870774637385,0.5611579636574431,0.10582010582010581,5
1367,2025-04-15,lockbox,5.229601984084217,5.250649611225102,5.256408654620893,0.2891683846031461,0.5547857842846008,0.053691275167785234,5
1368,2025-04-16,lockbox,5.14158370590221,5.223761833983133,5.158171257739421,0.3118264546180107,0.4893600950139692,0.04065040650406504,5
1369,2025-04-17,lockbox,5.212820247895253,5.385629973023209,5.199559010172694,0.2913476635496438,0.5436902818457618,0.09285714285714286,5
1370,2025-04-18,lockbox,5.4710747557082815,5.4799023066248225,5.511143827579827,0.3134208439939806,0.4090210635505088,0.05925925925925926,5
1371,2025-04-19,lockbox,5.278230962776937,5.400678667682221,5.29871611150847,0.2544230853276759,0.6473274024962163,0.10526315789473684,5
1372,2025-04-20,lockbox,5.306019501053232,5.402648340913634,5.36197768554336,0.27890082655374543,0.5570138328663787,0.07096774193548387,5
1373,2025-04-21,lockbox,5.274046798490811,5.458794318901308,5.2565317082876675,0.30436039363078465,0.34283726284123667,0.035460992907801414,5
1374,2025-04-22,lockbox,5.177902151341326,5.201195435752556,5.221326956928044,0.32637333406557234,0.45537029431904924,0.06015037593984962,5
1375,2025-04-23,lockbox,5.347560207756501,5.52875965521519,5.339613515577202,0.3010439924109688,0.5072230956826927,0.0979020979020979,5
1376,2025-04-24,lockbox,5.319950572209215,5.34894096046941,5.362843116347142,0.28886114082312453,0.5699054391263535,0.12500000000000003,5
1377,2025-04-25,lockbox,5.217688432506748,5.278957891768623,5.234470977679501,0.30055118365324507,0.5324904641812718,0.04,5
1378,2025-04-26,lockbox,5.046183271597371,4.961785632059296,5.107832508320641,0.3605467549337258,0.5228324314781886,0.23015873015873015,5
1379,2025-04-27,lockbox,5.269274047420755,5.469667647323949,5.278355681724596,0.21949868909152895,0.5812552201729041,0.05309734513274336,5
1380,2025-04-28,lockbox,5.218272224461538,5.385122986049178,5.2106832835132435,0.2737548361025339,0.5748555825348353,0.034883720930232565,5
1381,2025-04-29,lockbox,5.210171992175706,5.311915015300141,5.22449566678657,0.27734764094742076,0.5634176953614928,0.06832298136645962,5
1382,2025-04-30,lockbox,5.287926085955803,5.445090684966754,5.280412788046531,0.2849170197170573,0.5660909745719045,0.1103896103896104,5
1383,2025-05-01,lockbox,5.259223726551424,5.342346490717226,5.271083855114776,0.2945091945567524,0.5524904277083648,0.07975460122699386,5
1384,2025-05-02,lockbox,5.070739914392301,5.129055977868656,5.086658670567267,0.29423385216185244,0.5060467102092143,0.06122448979591837,5
1385,2025-05-03,lockbox,5.387162587878852,5.683217395114897,5.362474044478491,0.31213233461783185,0.471794428472608,0.02112676056338028,5
1386,2025-05-04,lockbox,5.300520717861765,5.681618457954646,5.289049579193249,0.26352052296852646,0.5602943794306856,0.06321839080459771,5
1387,2025-05-05,lockbox,5.1385712480731724,5.287427722863018,5.125112071182287,0.3108484256065619,0.5225278746386665,0.04201680672268907,5
1388,2025-05-06,lockbox,5.4044655833613,5.495583533365459,5.424204853623102,0.3608666308299763,0.44712871447274405,0.03669724770642202,5
1389,2025-05-07,lockbox,5.315842109892345,5.461610215032788,5.304099510328829,0.2560511862310612,0.6002607807486775,0.0625,5
1390,2025-05-08,lockbox,5.189693838114357,5.290333506142613,5.185237879321337,0.31991719286436693,0.5095531215103981,0.1119402985074627,5
1391,2025-05-09,lockbox,5.2702974953236374,5.287880324217375,5.299892995755574,0.25099715359168784,0.6019238871406599,0.0445859872611465,5
1392,2025-05-10,lockbox,5.316887112012217,5.566917199443631,5.297650521421634,0.27646330829484533,0.503723406878593,0.040697674418604654,5
1393,2025-05-11,lockbox,5.267211120684491,5.3865242936641415,5.325796296985941,0.28168021464724036,0.6190434254025463,0.16756756756756758,5
1394,2025-05-12,lockbox,5.256767659535372,5.268585977647698,5.290404835011659,0.2684490926995183,0.596366593930195,0.08484848484848487,5
1395,2025-05-13,lockbox,5.204204389457383,5.3334964635971,5.205456049031622,0.25174220282925264,0.6377248113110268,0.06493506493506493,5
1396,2025-05-14,lockbox,5.14853690537156,5.210762264847465,5.161785340730902,0.24807928819826727,0.6438344848457814,0.10370370370370371,5
1397,2025-05-15,lockbox,5.061624703075197,5.103173845044305,5.083495242101302,0.2757685798481095,0.553754474432465,0.19186046511627905,5
1398,2025-05-16,lockbox,5.294977086694498,5.390230987305255,5.298700869971248,0.3323390146362002,0.5239471521489086,0.0761904761904762,5
1399,2025-05-17,lockbox,5.584569614553632,5.739865773355763,5.578870617242873,0.3642085011196603,0.2674886126451047,0.045454545454545456,5
1400,2025-05-18,lockbox,5.21767986682706,5.370210479611643,5.251325441864293,0.3048185136739239,0.5276743263441525,0.1806451612903226,5
1401,2025-05-19,lockbox,5.302634172382529,5.425976502129048,5.3097104223662495,0.3183364253472617,0.41372087041877365,0.041176470588235294,5
1402,2025-05-20,lockbox,5.304869926762846,5.468937311596724,5.293363725907128,0.2587370950215417,0.5572835785848381,0.02247191011235955,5
1403,2025-05-21,lockbox,5.326847840980749,5.451578423012142,5.3210920630318155,0.23012872272604148,0.5984376107115879,0.04186046511627907,5
1404,2025-05-22,lockbox,5.165885792580557,5.285666990052993,5.173596022450521,0.2798592304931157,0.588176763127835,0.0642857142857143,5
1405,2025-05-23,lockbox,5.360354432995262,5.399196647914389,5.384247488324059,0.2165119810774497,0.6410719625406672,0.052884615384615384,5
1406,2025-05-24,lockbox,5.273626888463403,5.812760076655979,5.2233626801746365,0.3187984192787319,0.42757128928729005,0.03246753246753247,5
1407,2025-05-25,lockbox,5.34710509391444,5.57795707148852,5.3671109366114935,0.26668050381029385,0.5509900807775066,0.047619047619047616,5
1408,2025-05-26,lockbox,5.3120558854322635,5.4197905733775045,5.31612438778107,0.28066483500637285,0.5678332958659986,0.053691275167785234,5
1409,2025-05-27,lockbox,5.409076200926821,5.596011716400014,5.3895476919597884,0.29883368540933863,0.4804400278264527,0.024242424242424242,5
1410,2025-05-28,lockbox,5.2226610220866245,5.375660051180578,5.211713400529868,0.2934721094730498,0.5005758702869122,0.08522727272727272,5
1411,2025-05-29,lockbox,5.198133379670152,5.437785623109507,5.163981452141856,0.3034842655496685,0.5030958262116486,0.0875,5
1412,2025-05-30,lockbox,5.351507006698146,5.498748807315637,5.33503394238214,0.2652429927312873,0.5601604549043243,0.01775147928994083,5
1413,2025-05-31,lockbox,5.330186557038146,5.566694352142627,5.324633618467146,0.2712551371395583,0.5412992059025898,0.005405405405405406,5
1414,2025-06-01,lockbox,5.295792122096821,5.661004785392528,5.2965148873517425,0.26336213037041467,0.5365670215301369,0.04291845493562232,5
1415,2025-06-02,lockbox,5.306955408485251,5.391332579967827,5.310752886320259,0.27335133902256875,0.5284475751690303,0.012658227848101266,5
1416,2025-06-03,lockbox,5.182317338306472,5.2767716714849495,5.19849787834838,0.2543147865952162,0.5945494447531017,0.14917127071823202,5
1417,2025-06-04,lockbox,5.410356188938066,5.698967519249278,5.372389155577044,0.291047397598651,0.4297617379088967,0.04294478527607362,5
1418,2025-06-05,lockbox,5.213375722586893,5.394617159487124,5.191167342487539,0.34729995212183395,0.4528153557488507,0.07936507936507936,5
1419,2025-06-06,lockbox,5.330435943074761,5.40610445879563,5.340902080947004,0.25648125494291085,0.5620895248516791,0.052380952380952375,5
1420,2025-06-07,lockbox,5.302012411853127,5.400601733455078,5.321984333717671,0.2817132998910862,0.553319523117967,0.05357142857142857,5
1421,2025-06-08,lockbox,5.345454372585969,5.6290955330869314,5.337441582150591,0.26187465393180126,0.5588363442134666,0.049723756906077346,5
1422,2025-06-09,lockbox,5.172044387944432,5.221772873998885,5.192488052444346,0.2976200508859559,0.5489633564013732,0.04861111111111112,5
1423,2025-06-10,lockbox,5.39739327438701,5.545836799941206,5.393358284231922,0.3095906585212589,0.49624747306233635,0.07692307692307693,5
1424,2025-06-11,lockbox,5.244830632395901,5.2944886123543355,5.265538897517441,0.2851829208841467,0.5754852555829602,0.11728395061728397,5
1425,2025-06-12,lockbox,5.162875856855216,5.3187480808561975,5.155238351072579,0.3096010860756381,0.5529003793171648,0.09448818897637795,5
1426,2025-06-13,lockbox,5.2891412179538815,5.333810342648629,5.305088909163667,0.3271857006059863,0.39791076010010684,0.07142857142857142,5
1427,2025-06-14,lockbox,5.249357689516987,5.43817428118013,5.2539903109748245,0.28870725917851403,0.49493605076747754,0.04242424242424242,5
1428,2025-06-15,lockbox,5.23317147127578,5.557721565932825,5.220319023820751,0.3437042495661213,0.5014762506033653,0.14728682170542634,5
1429,2025-06-16,lockbox,5.396956520945141,5.613467480920557,5.384003324200253,0.3059335704849041,0.380007763464921,0.04433497536945813,5
1430,2025-06-17,lockbox,5.312139661345144,5.519023057545381,5.281136823982081,0.3094176227206359,0.5026454023888346,0.09375,5
1431,2025-06-18,lockbox,5.250795442815238,5.279681351193469,5.277452183258821,0.31899113529326384,0.5219288137803196,0.1285714285714286,5
1432,2025-06-19,lockbox,5.282488280564895,5.4030374007269035,5.309912565682639,0.3620216270429106,0.41474169840075403,0.09848484848484848,5
1433,2025-06-20,lockbox,5.337603524352862,5.487878209792463,5.3324596613816535,0.33128175563143525,0.5164112625845425,0.0784313725490196,5
1434,2025-06-21,lockbox,5.3396757490608735,5.803732384682387,5.330202340379278,0.3515715521849384,0.40854847035904657,0.13013698630136986,5
1435,2025-06-22,lockbox,5.213543996847458,5.563815500009054,5.205195419261962,0.3278676469389139,0.365422058906367,0.0407239819004525,5
1436,2025-06-23,lockbox,5.143527853361613,5.259294470612733,5.1376847289996554,0.316426954114998,0.5183841041081,0.13846153846153847,5
1437,2025-06-24,lockbox,5.073377833300961,5.050232795947354,5.126962413048229,0.3081866707130574,0.5854295533110652,0.2,5
1438,2025-06-25,lockbox,5.254672748760722,5.430944082655986,5.259520017579528,0.2934721722084988,0.549996610104225,0.08045977011494254,5
1439,2025-06-26,lockbox,5.312857872257473,5.472562565924974,5.295202617067412,0.3082562035231967,0.5300054212574209,0.05185185185185186,5
1440,2025-06-27,lockbox,5.523498853451924,5.55417017020062,5.5595465969413045,0.30079098748277067,0.4495785196239777,0.04605263157894737,5
1441,2025-06-28,lockbox,5.354421010339013,5.4964258630689695,5.353090109212057,0.2890968970596454,0.5392298324591639,0.03870967741935484,5
1442,2025-06-29,lockbox,5.343909357790788,5.892551580256662,5.3024456354744895,0.27341590442592445,0.578144293174284,0.07284768211920531,5
1443,2025-06-30,lockbox,5.2770058464341805,5.306675749593979,5.30718339758368,0.28129668151801346,0.5424536752362578,0.0273972602739726,5
1444,2025-07-01,lockbox,5.265443835836987,5.478082779209431,5.2478103832543805,0.2772071416486186,0.5336774065961809,0.054421768707482984,5
1445,2025-07-02,lockbox,5.598600826697194,5.722561883742678,5.583534234602428,0.33513581644170687,0.45316253038161913,0.0821917808219178,5
1446,2025-07-03,lockbox,5.0755561278854024,5.275227566230229,5.048636255154174,0.32748178317234306,0.506874659968058,0.2148148148148148,5
1447,2025-07-04,lockbox,5.244642576771406,5.480191335633325,5.212139147917802,0.26105827513633806,0.5817094195915611,0.06569343065693431,5
1448,2025-07-05,lockbox,5.160275390072122,5.575861694713902,5.126967960839756,0.2847587780345376,0.43883997208304837,0.09583333333333333,5
1449,2025-07-06,lockbox,5.012271119479562,5.022916818004863,5.151233564728662,0.3029387702045654,0.5844895236840509,0.15942028985507245,5
1450,2025-07-07,lockbox,5.340964656510864,5.506357005900969,5.315138783186306,0.3163759818821662,0.4675438869070996,0.025,5
1451,2025-07-08,lockbox,5.158600202500848,5.3636380822007155,5.145143832699649,0.31410432640762276,0.5410403377744982,0.09154929577464789,5
1452,2025-07-09,lockbox,5.291881207066296,5.605656421744029,5.252079634034997,0.30376563870816825,0.4571253186050013,0.06338028169014084,5
1453,2025-07-10,lockbox,5.3627359669016155,5.475711587905474,5.354613036663273,0.22869410530491463,0.6073158531388645,0.07758620689655174,5
1454,2025-07-11,lockbox,5.3645835496114955,5.53093625844769,5.346555963008188,0.30071958461739223,0.5234903029745569,0.04827586206896552,5
1455,2025-07-12,lockbox,5.323289256481582,5.562658064466621,5.289727769303839,0.33781630173719435,0.39579635734647495,0.10810810810810811,5
1456,2025-07-13,lockbox,5.201722896119316,5.338484089874803,5.248786659271755,0.31269110899083774,0.4952085855148235,0.1295336787564767,5
1457,2025-07-14,lockbox,5.213218986043881,5.292246613132507,5.2131422189579935,0.3049940505609849,0.500927654511739,0.050724637681159424,5
1458,2025-07-15,lockbox,5.265095888041433,5.392221088602868,5.271485473223859,0.28861710567731247,0.5767837479246298,0.06293706293706294,5
1459,2025-07-16,lockbox,5.270852770936338,5.4153220695534525,5.265020802518096,0.2554550389577731,0.6161736002700883,0.0898876404494382,5
1460,2025-07-17,lockbox,5.307220564201779,5.433403061460307,5.3204293503744475,0.28546776440103155,0.5284367298755963,0.08227848101265822,5
1461,2025-07-18,lockbox,5.207477548264355,5.176882717739837,5.2563943309810215,0.2908702100850752,0.45364954987249306,0.05590062111801243,5
1462,2025-07-19,lockbox,5.578019645722419,5.771032556891458,5.57876991183943,0.31890823528957757,0.32357597841153846,0.018518518518518517,5
1463,2025-07-20,lockbox,5.222009789478785,5.698153484323948,5.280329658138913,0.3199923626729271,0.52932894794458,0.15337423312883436,5
1464,2025-07-21,lockbox,5.290329616865996,5.435262597842923,5.293591864320774,0.28514412492514934,0.5543946437865728,0.096045197740113,5
1465,2025-07-22,lockbox,5.190544999871145,5.245428150466995,5.249500198645553,0.2938047416538,0.4411518491985009,0.07471264367816093,5
1466,2025-07-23,lockbox,5.2466152463233104,5.373731216594688,5.239197621109898,0.24781940024647206,0.5943367765174512,0.05714285714285714,5
1467,2025-07-24,lockbox,5.245847023075879,5.274509826336916,5.266527011030286,0.30922952087058814,0.5600059016114561,0.0975609756097561,5
1468,2025-07-25,lockbox,5.217629809750102,5.392861815245409,5.211037360454361,0.3192770899263757,0.49712502921433005,0.06944444444444445,5
1469,2025-07-26,lockbox,5.265363044365207,5.421471334549633,5.284203770289618,0.23691409221623888,0.6219925174903075,0.10638297872340427,5
1470,2025-07-27,lockbox,5.227134089305829,5.608921017892042,5.222713832834216,0.25549891479768033,0.5468898762209063,0.04790419161676646,5
1471,2025-07-28,lockbox,5.314674942818465,5.391607197348955,5.330943379757993,0.2598440532076956,0.5734544999634374,0.07333333333333333,5
1472,2025-07-29,lockbox,5.2002235544526165,5.414754891290798,5.18568862412105,0.28139678995359646,0.5654887905482592,0.08391608391608392,5
1473,2025-07-30,lockbox,5.0209713977169805,5.117633581257991,5.050560231160806,0.26766937241902505,0.6305748957356488,0.13829787234042554,5
1474,2025-07-31,lockbox,5.143910660300914,5.349033969215348,5.133336335885007,0.30539873262774436,0.5673700109946231,0.1703703703703704,5
1475,2025-08-01,lockbox,5.153369002310116,5.16606223848105,5.187381894282914,0.3332864182344115,0.41146718177473307,0.08875739644970414,5
1476,2025-08-02,lockbox,5.14747946571599,5.660204464713953,5.11576459676615,0.31086616941532874,0.5379319329329577,0.20858895705521474,5
1477,2025-08-03,lockbox,5.045377270901192,5.273960500856896,5.069445288677313,0.3174897500933652,0.4576944646075082,0.056338028169014086,5
1478,2025-08-04,lockbox,5.098583297834599,5.09846106375352,5.126770082483664,0.3146778542797095,0.43108913150001504,0.2328767123287671,5
1479,2025-08-05,lockbox,5.215523103942527,5.274220434491184,5.238716325643653,0.2888251377474922,0.5736500791995699,0.10614525139664804,5
1480,2025-08-06,lockbox,5.294662409145582,5.52376271237299,5.294266531183517,0.32921021603669887,0.39022840275496984,0.08247422680412371,5
1481,2025-08-07,lockbox,5.316172498115504,5.538429532708568,5.313009881789027,0.2881806954294787,0.5633179797571966,0.059880239520958084,5
1482,2025-08-08,lockbox,5.234149339965614,5.307201591624942,5.257073587861108,0.31477688366353396,0.4131477939258433,0.023952095808383235,5
1483,2025-08-09,lockbox,5.316387614717126,5.518582674578997,5.304311790921327,0.30049158620799665,0.5513133424102646,0.07142857142857142,5
1484,2025-08-10,lockbox,5.425812485023403,5.802450250982771,5.455493287422152,0.36674420000944197,0.32034430820659365,0.019867549668874173,5
1485,2025-08-11,lockbox,5.013167882449938,5.0759014077043165,5.009564243622588,0.3592945066375677,0.47261120712670396,0.19259259259259262,5
1486,2025-08-12,lockbox,5.301895511269408,5.4130102575901,5.320485842761346,0.3007150934067227,0.5778476881344579,0.0821917808219178,5
1487,2025-08-13,lockbox,5.1364060820707715,5.1895180384852715,5.165111454950633,0.285963731619003,0.5778528884905885,0.07432432432432433,5
1488,2025-08-14,lockbox,5.114487378931809,5.3103635188065805,5.114335213657027,0.3166116501840115,0.4818764372474702,0.06349206349206349,5
1489,2025-08-15,lockbox,5.138912613159167,5.236913618807086,5.15531148234748,0.2917095368150087,0.5419732385969691,0.09655172413793103,5
1490,2025-08-16,lockbox,5.261204240865677,5.621968659524498,5.244495119628946,0.3067725216339717,0.5304534007386627,0.12025316455696203,5
1491,2025-08-17,lockbox,5.302607614133006,5.554376921403712,5.328733452471729,0.30335799065559976,0.5000487243735879,0.05027932960893855,5
1492,2025-08-18,lockbox,5.388664374798316,5.613599943860983,5.374366302181265,0.3073501225069344,0.517614555543426,0.038461538461538464,5
1493,2025-08-19,lockbox,5.298427747313203,5.521649783360813,5.278037831150361,0.3096591216501527,0.48527279747838703,0.035928143712574856,5
1494,2025-08-20,lockbox,5.141892256416594,5.464077306660704,5.104498207937263,0.35868221754503293,0.4469004051010755,0.2064516129032258,5
1495,2025-08-21,lockbox,5.272451527890224,5.606757053290304,5.234295273890199,0.24245171046379208,0.60471582555488,0.05945945945945946,5
1496,2025-08-22,lockbox,5.188163876060969,5.452140635287355,5.1779846244553065,0.2848959582567262,0.5675683886471024,0.14201183431952663,5
1497,2025-08-23,lockbox,5.215151830052291,5.532558497018092,5.206544622876022,0.3224992984998206,0.44507003506814174,0.025806451612903226,5
1498,2025-08-24,lockbox,5.227760986995164,5.818851845569112,5.182622695355406,0.31567578691469034,0.4718393336632414,0.06451612903225806,5
1499,2025-08-25,lockbox,5.28569362509191,5.64092447492075,5.260665321772388,0.25959286092315825,0.48882253148380794,0.08695652173913043,5
1500,2025-08-26,lockbox,5.196623161653233,5.356763706172323,5.199527241075314,0.2279996707202982,0.631387745090207,0.06077348066298344,5
1501,2025-08-27,lockbox,5.432934546869081,5.626538370618251,5.436947405206438,0.28697990716383465,0.5190258377036131,0.06417112299465241,5
1502,2025-08-28,lockbox,5.197354620236315,5.376942995244166,5.179306418116852,0.3351386129308179,0.5219864345915509,0.13846153846153847,5
1503,2025-08-29,lockbox,5.333155157036335,5.756595820905062,5.290366229783329,0.305156985570865,0.4452732945463511,0.13609467455621302,5
1504,2025-08-30,lockbox,5.2125570680658,5.221877262840954,5.268437946404732,0.2713419105247193,0.5628491646437143,0.0335195530726257,5
1505,2025-08-31,lockbox,5.249979627977773,6.0484779220881,5.209734370736918,0.33480810815040196,0.4014609256435014,0.15384615384615385,5
1506,2025-09-01,lockbox,5.243988574656279,5.332409570851119,5.249250664702293,0.29056603713056894,0.5758399197476012,0.08904109589041095,5
1507,2025-09-02,lockbox,4.995014946919324,4.999865739449756,5.0557618659223325,0.2948985884097898,0.504391084237583,0.20388349514563106,5
1508,2025-09-03,lockbox,5.148133549336468,5.227094021778406,5.155885677645255,0.24253081476067886,0.6168139573918928,0.08080808080808081,5
1509,2025-09-04,lockbox,5.369246577639434,5.436583137779545,5.386358001902044,0.29067123251292604,0.533083882531777,0.0909090909090909,5
1510,2025-09-05,lockbox,5.149823185919489,5.313760165683918,5.158942400106353,0.2696997604813447,0.5935009433471944,0.13294797687861273,5
1511,2025-09-06,lockbox,5.186060915404534,5.345688061914849,5.195960726210571,0.3477950211453368,0.35975229937918196,0.024390243902439025,5
1512,2025-09-07,lockbox,5.453072831511283,5.786151086868224,5.437983703606338,0.3689064722456753,0.34243561367538516,0.08148148148148149,5
1513,2025-09-08,lockbox,4.96647966048164,5.110938578094196,4.9495437538626605,0.2996731634418799,0.46520392075697675,0.15189873417721522,5
1514,2025-09-09,lockbox,5.288962599127119,5.3826417585170585,5.294201431804156,0.2688306854373887,0.5201464784909745,0.06285714285714286,5
1515,2025-09-10,lockbox,5.174729748113715,5.301399441649103,5.181460955490473,0.30809777761900436,0.5750512350415281,0.1888111888111888,5
1516,2025-09-11,lockbox,5.229640205699768,5.328309145651493,5.250690973331689,0.26008060773969155,0.6293219551774093,0.11949685534591195,5
1517,2025-09-12,lockbox,5.197109963765753,5.348605320115702,5.1893287094307174,0.28990004324757457,0.5177095847256737,0.07734806629834254,5
1518,2025-09-13,lockbox,5.33805331312138,5.509424718838001,5.362626567291798,0.28811550991313795,0.45054004756819727,0.030487804878048783,5
1519,2025-09-14,lockbox,5.295552199274145,5.606385965521994,5.326461400828261,0.27905574029477664,0.6184350162150779,0.10666666666666666,5
1520,2025-09-15,lockbox,5.066207579986193,5.199305454159533,5.05936955823576,0.28922436343769237,0.6038413363581312,0.11764705882352941,5
1521,2025-09-16,lockbox,5.317363424603483,5.45789386216309,5.317868133979074,0.2883533993092823,0.5670436487731179,0.0979020979020979,5
1522,2025-09-17,lockbox,5.05256560564173,5.250454142879478,5.054729534346658,0.3272650233026501,0.5155558997649353,0.1588235294117647,5
1523,2025-09-18,lockbox,5.1604196596268315,5.241954332814063,5.170618903908825,0.24022535695195585,0.6516415125642758,0.08433734939759036,5
1524,2025-09-19,lockbox,5.097042800446743,5.391519570938566,5.064492787907083,0.3300884927348351,0.498246218362809,0.1917808219178082,5
1525,2025-09-20,lockbox,5.17952870158539,5.467462146977743,5.180146169068175,0.23855053336201476,0.6816372797097136,0.12121212121212122,5
1526,2025-09-21,lockbox,5.2609985666636945,5.781260041769645,5.243679847551599,0.3069038329585846,0.45713819426086705,0.07878787878787878,5
1527,2025-09-22,lockbox,5.247420227039692,5.304875464934842,5.2597852509159395,0.23558223830407182,0.6646940897862286,0.09714285714285714,5
1528,2025-09-23,lockbox,5.371294230054971,5.64778853383058,5.343238950300162,0.3042674327231,0.5457951055656023,0.12080536912751677,5
1529,2025-09-24,lockbox,4.988050889586276,5.32499163510834,4.939315441045165,0.29905678732827756,0.5392871578659776,0.20863309352517986,5
1530,2025-09-25,lockbox,5.207884485346488,5.6030160284325925,5.154386977723229,0.32466001801938127,0.41109990593062234,0.1666666666666667,5
1531,2025-09-26,lockbox,5.349875780037107,5.391534982140431,5.3785989788508335,0.32360758345722057,0.4202158803391369,0.0111731843575419,5
1532,2025-09-27,lockbox,5.552285156756673,5.666953360289079,5.652894042866546,0.40958401237799413,0.3343199064387418,0.008547008547008548,5
1533,2025-09-28,lockbox,5.158828817939964,5.59170230135731,5.182872271971681,0.339709733192064,0.4142535915513983,0.02531645569620253,5
1534,2025-09-29,lockbox,5.352678863768486,5.613161117503799,5.333847851550761,0.30878134344049757,0.4902875492364547,0.19161676646706588,5
1535,2025-09-30,lockbox,5.333717965626958,5.405676433521248,5.348784570265608,0.28861032430214406,0.49819162320293064,0.041666666666666664,5
1536,2025-10-01,lockbox,5.2326740298667165,5.262094795919731,5.249089364204605,0.2939974978456996,0.5418695666628944,0.02531645569620253,5
1537,2025-10-02,lockbox,5.268776713127817,5.57904274574762,5.219097110841951,0.30335524090889776,0.5435058076816978,0.16778523489932887,5
1538,2025-10-03,lockbox,5.146279177414547,5.608870260985319,5.148629431076113,0.33684265467060664,0.47603899424334706,0.18181818181818182,5
1539,2025-10-04,lockbox,5.2039989745727375,5.9352318982816,5.124406818459817,0.3326458358542011,0.425037923241196,0.225,5
1540,2025-10-05,lockbox,4.9268887452150345,5.614398484114193,4.857066958081996,0.4237794580922564,0.42205524832937946,0.28571428571428575,5
1541,2025-10-06,lockbox,5.399540750092516,5.596117833023765,5.3804951686746705,0.35137149336406454,0.3655813030116929,0.02054794520547945,5
1542,2025-10-07,lockbox,5.11560293360475,5.142019833559781,5.141708241751388,0.27695531540429663,0.6167082285881996,0.1292517006802721,5
1543,2025-10-08,lockbox,4.997802637435829,5.342939280572846,4.958132060158562,0.2985094420552407,0.5523604860943532,0.23243243243243245,5
1544,2025-10-09,lockbox,5.018150674569526,5.129175490676184,5.024105319996773,0.2793219405366944,0.5798466363149969,0.1111111111111111,5
1545,2025-10-10,lockbox,5.414215960676808,5.528612253184853,5.429765313525326,0.2838166552205763,0.5265459250520953,0.029940119760479042,5
1546,2025-10-11,lockbox,4.865695094523531,5.509655906932065,4.812627669701859,0.31769701704338793,0.4427960357172798,0.35064935064935066,5
1547,2025-10-12,lockbox,5.1038204357427315,6.032077903701609,5.033049490021901,0.29061322825484276,0.5609941710774965,0.10404624277456648,5
1548,2025-10-13,lockbox,5.059462368610792,5.0819530432080295,5.0830912021247725,0.32663168168332607,0.541285151029032,0.20547945205479454,5
1549,2025-10-14,lockbox,4.953159769887614,5.0508435653806885,4.963916301446581,0.2395471179614625,0.6768171030345688,0.17500000000000002,5
1550,2025-10-15,lockbox,5.337391367230664,5.404189674324371,5.354758994798552,0.25959541657961493,0.5882921529418846,0.07228915662650602,5
1551,2025-10-16,lockbox,5.044275731785344,5.335419074516077,5.010156610125622,0.2762896626981758,0.6236605330331174,0.10218978102189781,5
1552,2025-10-17,lockbox,5.273382095057999,5.313240943230054,5.294167013058882,0.2799053182982183,0.45703377788521526,0.04430379746835443,5
1553,2025-10-18,lockbox,5.214091167716042,5.639236823749415,5.187299109714422,0.26340923722245896,0.5077361768541958,0.03488372093023256,5
1554,2025-10-19,lockbox,5.24622710581829,5.372572260187514,5.331129692706493,0.31119707341249175,0.42444993349824867,0.04761904761904762,5
1555,2025-10-20,lockbox,5.3787466130802795,5.4689089214551325,5.3969043830247045,0.2307340479285761,0.627857194814479,0.05978260869565219,5
1556,2025-10-21,lockbox,5.258849286192534,5.342489140547158,5.2644428690583265,0.2901787079727733,0.5133927411526239,0.054421768707482984,5
1557,2025-10-22,lockbox,5.238353964799014,5.411075238856767,5.235995912760411,0.28182899307162873,0.5646220697235611,0.10062893081761007,5
1558,2025-10-23,lockbox,5.258423830758771,5.256660025509785,5.2908323557707835,0.25063148385619016,0.6022215189992346,0.1016949152542373,5
1559,2025-10-24,lockbox,5.2953765950169185,5.45991313059621,5.28299486058548,0.2967994523076841,0.5112273915917726,0.013333333333333334,5
1560,2025-10-25,lockbox,5.194992276076964,5.487540487394535,5.246366991568477,0.30348553157464236,0.4777751917835992,0.10880829015544041,5
1561,2025-10-26,lockbox,5.260653106254718,5.709159243546474,5.233391855803132,0.3390768498228002,0.41564004227838264,0.08762886597938144,5
1562,2025-10-27,lockbox,5.099976712494872,5.221662226565574,5.093038802486925,0.32312578450090057,0.4379325538159369,0.10928961748633881,5
1563,2025-10-28,lockbox,5.329922000100984,5.666725349614005,5.294200927087843,0.3277628552182869,0.4671730346928594,0.12941176470588237,5
1564,2025-10-29,lockbox,5.10434222380008,5.239525614106695,5.095472085844689,0.2701607402698647,0.4871551687948643,0.09170305676855897,5
1565,2025-10-30,lockbox,5.167331611656792,5.294069986805355,5.167965036157394,0.326439190354763,0.4745310200885567,0.04516129032258064,5
1566,2025-10-31,lockbox,5.303867350941003,5.362982571832285,5.321195695932627,0.24207375144072413,0.6134025711790083,0.07291666666666667,5
1567,2025-11-01,lockbox,5.424665526584285,5.802403312167703,5.382058985776381,0.3750925027301193,0.28376611539367047,0.09756097560975611,5
1568,2025-11-02,lockbox,5.416318966436161,5.675512465232819,5.41007593173323,0.3897702225264974,0.24981446071686453,0.026315789473684216,5
1569,2025-11-03,lockbox,5.383399719878897,5.545562892977595,5.371687556320983,0.2886264003731262,0.5007791867684477,0.06060606060606061,5
1570,2025-11-04,lockbox,5.039620156795175,4.954755310278905,5.097583487747525,0.3297929335115949,0.5227875180435502,0.08849557522123894,5
1571,2025-11-05,lockbox,4.994967384845377,5.141251427118894,5.012966751255413,0.2747667050916861,0.530381799176642,0.261437908496732,5
1572,2025-11-06,lockbox,5.214744611382134,5.471680904297577,5.180152003622289,0.3036584928762326,0.47424191351358425,0.14035087719298245,5
1573,2025-11-07,lockbox,5.035301059973664,5.365369100684201,4.983521420783558,0.3167590191059173,0.47150625684144926,0.2247191011235955,5
1574,2025-11-08,lockbox,5.020196599316906,5.694615805241894,4.967817411562306,0.3502647484772633,0.4419038131642285,0.2694610778443114,5
1575,2025-11-09,lockbox,5.202540798374112,5.392532413496508,5.241821235113781,0.3080217847553995,0.48983461507599935,0.05235602094240838,5
1576,2025-11-10,lockbox,5.066514287595204,5.228657428131328,5.062169043458493,0.3101146161840408,0.5558236331447901,0.12578616352201258,5
1577,2025-11-11,lockbox,5.3624430182945835,5.580610458679394,5.359754015318149,0.3024352721958889,0.48340887257961307,0.06338028169014086,5
1578,2025-11-12,lockbox,5.141447993425427,5.369970999439667,5.117518662499807,0.3102645479862869,0.4722297237027738,0.04402515723270441,5
1579,2025-11-13,lockbox,5.100748689964163,5.341305460012405,5.085470200911994,0.333654432339372,0.4980314999606117,0.08461538461538462,5
1580,2025-11-14,lockbox,5.347280681458161,5.72913020180548,5.318117845657086,0.2980100342916251,0.40118010684824656,0.05392156862745098,5
1581,2025-11-15,lockbox,5.1083327331962884,5.233886708497459,5.162335650389016,0.3266880888765721,0.48630952228583335,0.0979020979020979,5
1582,2025-11-16,lockbox,5.197584321573183,5.444101768660144,5.244569019292442,0.2786502328491722,0.6302708571225143,0.17266187050359713,5
1583,2025-11-17,lockbox,5.3370866956662955,5.440288826680771,5.33037002896468,0.3195714824090564,0.39440167692332423,0.03726708074534161,5
1584,2025-11-18,lockbox,5.244742158792497,5.283555494527404,5.291230215975077,0.36390196876141956,0.4597481488833584,0.1206896551724138,5
1585,2025-11-19,lockbox,5.143946690097352,5.26659270184293,5.162175501156808,0.2735697951735132,0.604353666901121,0.12101910828025478,5
1586,2025-11-20,lockbox,5.221807946023759,5.284282976165408,5.237920481300023,0.2699092487263907,0.5494711634697196,0.13043478260869565,5
1587,2025-11-21,lockbox,5.2279942699077875,5.361037734082174,5.227588010653497,0.22942674803317337,0.6751925385332717,0.10240963855421688,5
1588,2025-11-22,lockbox,5.267488137659679,5.849692497950546,5.22083968882357,0.3022508577709566,0.4199333734815746,0.04591836734693877,5
1589,2025-11-23,lockbox,5.074594258063287,5.2447260032910865,5.160983582580822,0.306168317505065,0.580967044997017,0.16666666666666669,5
1590,2025-11-24,lockbox,5.327885764256286,5.364525547494436,5.346929359711353,0.3423075131122633,0.44311257143826766,0.046875,5
1591,2025-11-25,lockbox,5.309021655533426,5.367614782878563,5.334709714898881,0.32620121490446974,0.46870920467598276,0.0759493670886076,5
1592,2025-11-26,lockbox,5.39758158933339,5.419605411581369,5.431977662212493,0.33555590056425977,0.4260619290312328,0.051470588235294115,5
1593,2025-11-27,lockbox,5.150710057448291,5.303918184751005,5.144954117296793,0.3002027571138657,0.5968808494498661,0.15483870967741936,5
1594,2025-11-28,lockbox,4.874978210531246,5.029156457725094,4.8499259475018714,0.39115686511174413,0.4172896957508595,0.20491803278688525,5
1595,2025-11-29,lockbox,5.264611420437834,5.571435540391962,5.268704571213174,0.27200662472060266,0.5650366609888149,0.10638297872340426,5
1596,2025-11-30,lockbox,4.806070717033801,4.816266837526215,4.944479144464293,0.3253205305948806,0.6094714567017137,0.2704918032786885,5
1597,2025-12-01,lockbox,5.258097238722398,5.328269160657346,5.26829901208316,0.29368112026354615,0.5323320195169318,0.023809523809523808,5
1598,2025-12-02,lockbox,5.075102231071282,5.21323867454751,5.058823449032731,0.27259944889706905,0.6423997343603619,0.1793103448275862,5
1599,2025-12-03,lockbox,5.076205753213495,5.1571077529941025,5.08309678426923,0.2880519630290336,0.63956734529762,0.11811023622047244,5
1600,2025-12-04,lockbox,5.2284790950078275,5.261524729075216,5.284471597778873,0.3021218421449265,0.46827621886072845,0.0625,5
1601,2025-12-05,lockbox,5.3526886800246105,5.393145301331517,5.368671243153338,0.32392317449928665,0.46587424700527075,0.04242424242424242,5
1602,2025-12-06,lockbox,5.276422120488759,5.9076093069055275,5.2272423564014785,0.30431721468196904,0.4360214166438547,0.06486486486486487,5
1603,2025-12-07,lockbox,4.954095886261517,5.954491625112201,4.835608057143183,0.4024385195927524,0.34126273555726283,0.22499999999999998,5
1604,2025-12-08,lockbox,5.184217926118992,5.193942014499358,5.213343709085187,0.34498626459589665,0.4483000014157262,0.19999999999999998,5
1605,2025-12-09,lockbox,4.982781511415835,5.11864113704654,4.999981795276744,0.3096381065812354,0.588425939188545,0.2265625,5
1606,2025-12-10,lockbox,5.188859623289665,5.224983910895816,5.214225372386326,0.3200203250633771,0.553165071211481,0.0819672131147541,5
1607,2025-12-11,lockbox,5.137864963833044,5.196851763859327,5.1640679635420685,0.4045080919776548,0.37177857176442963,0.136,5
1608,2025-12-12,lockbox,5.126375759263418,5.303793468712952,5.103640627389424,0.32471322112542733,0.5313266136144599,0.18709677419354842,5
1609,2025-12-13,lockbox,4.964090425873746,5.925596733965034,4.858050932866566,0.3869355312026454,0.4328634285318755,0.3130434782608696,5
1610,2025-12-14,lockbox,5.041746888429682,5.636316620112234,4.977875915287447,0.4104652467468599,0.3448371893356959,0.28431372549019607,5
1611,2025-12-15,lockbox,5.125539504589344,5.146937082199813,5.14792979282485,0.31707620882737625,0.5155604586920687,0.11194029850746268,5
1612,2025-12-16,lockbox,5.053064347659136,5.048047393053931,5.085205524755859,0.35446746150032815,0.5361511787425628,0.17857142857142855,5
1613,2025-12-17,lockbox,4.7564940353412855,5.0555499782711015,4.708539053307558,0.3123719147698016,0.6097996579865257,0.3114754098360656,5
1614,2025-12-18,lockbox,5.004584468383647,5.108528635445607,5.0079563565596725,0.3153940306317228,0.6115740586948433,0.16935483870967744,5
1615,2025-12-19,lockbox,5.254267746288354,5.377625121909522,5.265543712665094,0.31640165349728133,0.5454049855022403,0.12605042016806722,5
1616,2025-12-20,lockbox,5.073887731632107,5.71050685621028,5.0237363549410325,0.34958058716644513,0.4636950051871711,0.2283464566929134,5
1617,2025-12-21,lockbox,4.836583917587318,5.3748619696475455,4.819640929094318,0.3398252338925365,0.48882041072286314,0.2741935483870968,5
1618,2025-12-22,lockbox,5.401325840902341,5.4806146369394,5.418561352439945,0.33649234583936505,0.3811796373974869,0.05263157894736842,5
1619,2025-12-23,lockbox,4.751589508697876,4.846962522287052,4.7450241972979,0.351347548121515,0.5799740271273409,0.25892857142857145,5
1620,2025-12-24,lockbox,5.087759447597054,5.357703272093477,5.0604888390454,0.3320274983631353,0.5492635706476948,0.1875,5
1621,2025-12-25,lockbox,5.1155902515276725,5.634148640984995,5.024615152636464,0.3986097216745964,0.4774354539742006,0.19999999999999998,5
1622,2025-12-26,lockbox,5.0108127216893035,5.2189116308164945,5.005303581831338,0.2963494667109595,0.6350355308683423,0.1958041958041958,5
1623,2025-12-27,lockbox,4.909491554452007,5.516271405420246,4.875927450445582,0.3596057393111095,0.5488146629465556,0.2142857142857143,5
1624,2025-12-28,lockbox,5.002058508830213,5.556106999313583,5.005258293508442,0.3530140442454296,0.570957841741799,0.1694915254237288,5
1625,2025-12-29,lockbox,4.911395026275645,5.1451947535704505,4.869075545641813,0.3409437829748002,0.6344394942670372,0.19548872180451127,5
1626,2025-12-30,lockbox,4.77117926542043,4.822756768819475,4.7898813305824195,0.3287427140923312,0.6660186918799175,0.23711340206185566,5
1627,2025-12-31,lockbox,5.158313931941764,5.4693874296143665,5.122878980965114,0.2999317422474268,0.6356645393163012,0.15447154471544716,5
1628,2026-01-01,lockbox,5.092114995897052,5.271550078122136,5.065881220114333,0.33199788021677257,0.5133646192062052,0.22413793103448276,5
1629,2026-01-02,lockbox,5.419911634364519,5.605143223912033,5.397725283175768,0.3418081949528215,0.25825449851465937,0.060240963855421686,5
1630,2026-01-03,lockbox,5.210666560475277,5.415828171940905,5.2388997492819875,0.3093210958564697,0.5061115370165044,0.07514450867052024,5
1631,2026-01-04,lockbox,5.504623782841484,5.805694509868783,5.494111441443096,0.33891611417360934,0.37428416763334904,0.022556390977443608,5
1632,2026-01-05,lockbox,5.324615290721577,5.371707736248127,5.33757336855736,0.38146309312619453,0.3742926095413079,0.046153846153846156,5
1633,2026-01-06,lockbox,5.5129847575332676,5.7329844582631235,5.499995240039064,0.346727572392185,0.3773412587668108,0.03773584905660377,5
1634,2026-01-07,lockbox,5.267160116156695,5.411973047014362,5.275099033187245,0.286787844080044,0.5075089565412362,0.06289308176100628,5
1635,2026-01-08,lockbox,5.31076932318911,5.412480517104937,5.312839946096888,0.31007917333482354,0.4429132631310137,0.06338028169014084,5
1636,2026-01-09,lockbox,5.326412356619837,5.295432151491735,5.3869369285575,0.27787528291651764,0.48685018815485326,0.05472636815920398,5
1637,2026-01-10,lockbox,5.278009033284604,5.622020572018098,5.259777756442547,0.3696992863549824,0.40695277809095964,0.10344827586206898,5
1638,2026-01-11,lockbox,5.193540216258739,6.173123054708243,5.10325670503061,0.33750230615336285,0.41488897462249674,0.19767441860465115,5
1639,2026-01-12,lockbox,5.238295791772734,5.3418360280075525,5.23911360673368,0.3100063788001585,0.48843866290115884,0.11309523809523811,5
1640,2026-01-13,lockbox,5.340289953545468,5.519874768035537,5.330071414991035,0.32157744929787857,0.4305190908306882,0.06993006993006994,5
1641,2026-01-14,lockbox,5.2477675411628635,5.440976640131788,5.235446243013051,0.31500511711366425,0.5845993557922466,0.13533834586466165,5
1642,2026-01-15,lockbox,4.96944746606282,5.05636545650184,4.986630624344992,0.27164116018005247,0.6853430069321621,0.15671641791044777,5
1643,2026-01-16,lockbox,5.165637325848796,5.3409789989940775,5.161783134250651,0.275338998603638,0.5706896251306548,0.051470588235294115,5
1644,2026-01-17,lockbox,5.393253769112922,5.585425075740432,5.41151823586978,0.2575234487310065,0.5485633220481402,0.019108280254777066,5
1645,2026-01-18,lockbox,5.133557356328327,5.917518911605153,5.093350901219621,0.326461254758454,0.463696200113834,0.15748031496062992,5
1646,2026-01-19,lockbox,5.398824739079454,5.64175305728342,5.366577873329864,0.3192611586837766,0.4333431663921944,0.058823529411764705,5
1647,2026-01-20,lockbox,5.110541485498641,5.420435781336174,5.0906345172657375,0.3093696305870315,0.49835085260089274,0.15476190476190477,5
1648,2026-01-21,lockbox,5.209050269341029,5.357628097975493,5.197997354894639,0.28787827245777275,0.5479183131439023,0.05035971223021583,5
1649,2026-01-22,lockbox,5.3983864819569245,5.424046281660797,5.428136002275693,0.28543629973450957,0.5277577883619115,0.09550561797752809,5
1650,2026-01-23,lockbox,5.21550828348469,5.314232292650203,5.235652931786608,0.32276869094812466,0.47208664139202267,0.049999999999999996,5
1651,2026-01-24,lockbox,5.286418242936628,5.588962661674568,5.282717207062593,0.28966627071947726,0.5945122181879691,0.09774436090225563,5
1652,2026-01-25,lockbox,5.145273736289088,5.121455844027851,5.237679361836147,0.33254632841999887,0.4624511853878564,0.037267080745341616,5
1653,2026-01-26,lockbox,5.26933881085948,5.485262155453715,5.251014407865597,0.29308401743307866,0.46860963251448534,0.08585858585858586,5
1654,2026-01-27,lockbox,5.302669686868939,5.40910403399604,5.308269235179308,0.2785117445673809,0.5555023635022873,0.0546875,5
1655,2026-01-28,lockbox,5.345073776153607,5.372662971980481,5.370963572707551,0.2606363140154517,0.5370231595779508,0.021621621621621623,5
1656,2026-01-29,lockbox,5.321629268792055,5.464754819744318,5.31001692692389,0.31301027583545554,0.5147319394184533,0.10416666666666666,5
1657,2026-01-30,lockbox,5.231736477321989,5.355856142295496,5.233019373131373,0.2618318618002584,0.6316246114598414,0.13986013986013987,5
1658,2026-01-31,lockbox,5.345624587670051,5.592469150207788,5.333268273503605,0.28775510217453154,0.5466437046474988,0.0642857142857143,5
1659,2026-02-01,lockbox,5.256445577826587,5.477831700103835,5.26714840098813,0.3386974713968698,0.4026237884969024,0.04861111111111111,5
1660,2026-02-02,lockbox,5.377391102572053,5.489824246329981,5.385716056254339,0.31133722900778027,0.5095699556050215,0.11242603550295859,5
1661,2026-02-03,lockbox,5.139426017452766,5.1707561932923065,5.173840289269078,0.32753183243055006,0.5391879630588936,0.12396694214876033,5
1662,2026-02-04,lockbox,5.037960589095144,5.0236216146760295,5.088036979994987,0.29619842599103363,0.6076995066462384,0.1171875,5
1663,2026-02-05,lockbox,5.386150541383202,5.5516618846353385,5.403259847009082,0.2982673949642601,0.4376272746247201,0.03409090909090909,5
1664,2026-02-06,lockbox,5.334872756261127,5.46535700730036,5.336660662929182,0.29459164132758403,0.5206467200820274,0.057971014492753624,5
1665,2026-02-07,lockbox,5.389106257703409,5.4497571284582484,5.405005280254752,0.28728371031571265,0.4035628672793261,0.05069124423963134,5
1666,2026-02-08,lockbox,5.303556432562177,5.671686549438685,5.27674967411697,0.3480818857476091,0.3270892498568029,0.023952095808383235,5
1667,2026-02-09,lockbox,5.2896671035414125,5.43040285498282,5.286331948025111,0.3149925856422681,0.5078401424015583,0.07627118644067796,5
1668,2026-02-10,lockbox,5.210543755727059,5.366917802792074,5.203992857657475,0.2667995417210929,0.5977541377470946,0.06711409395973154,5
1669,2026-02-11,lockbox,5.296617793474381,5.426402485630863,5.292297293373455,0.24155109901301308,0.5951524144635325,0.035928143712574856,5
1670,2026-02-12,lockbox,5.085367408236241,5.094377226104907,5.123663169381437,0.26069234603447966,0.6318072047498252,0.10370370370370369,5
1671,2026-02-13,lockbox,5.265730506304143,5.328568458242158,5.289137128920405,0.30533820765699027,0.5253464851469226,0.07272727272727272,5
1672,2026-02-14,lockbox,5.21423082393307,5.301176604151028,5.258268656390335,0.34392450349426373,0.36422861552523395,0.031746031746031744,5
1673,2026-02-15,lockbox,5.130509839932136,5.328974080303608,5.156841874065743,0.29578513541817364,0.520854853676301,0.08695652173913045,5
1674,2026-02-16,lockbox,5.100808816057427,5.245847531985733,5.088891155603141,0.26704452661691014,0.6687350596874146,0.11764705882352941,5
1675,2026-02-17,lockbox,5.2835545845161445,5.363855882399861,5.297294707245206,0.3187890965790985,0.4734936123662732,0.09523809523809522,5
1676,2026-02-18,lockbox,5.392881794870348,5.446370474913643,5.424169787340667,0.32074250244969493,0.49167538570029384,0.060000000000000005,5
1677,2026-02-19,lockbox,5.338055885527303,5.443242524723317,5.35009514595211,0.302971996588542,0.5036858805684101,0.04895104895104895,5
1678,2026-02-20,lockbox,5.312955053151234,5.519089510330952,5.299056790579207,0.2901577876938275,0.5244089051791269,0.05405405405405406,5
1679,2026-02-21,lockbox,5.3761370942889535,5.701970218358863,5.353428806277484,0.31974756779679614,0.3592303389789382,0.042682926829268296,5
1680,2026-02-22,lockbox,5.3263510493472275,5.509199040964087,5.329286326047296,0.3302075106935414,0.3222047558229643,0.035928143712574856,5
1681,2026-02-23,lockbox,5.204129542244463,5.338269146188369,5.198246135223254,0.22335474839068645,0.6597031036655672,0.0769230769230769,5
1682,2026-02-24,lockbox,5.234419832918546,5.429834034719623,5.255287427670792,0.3376876018743557,0.45362739873090874,0.0625,5
1683,2026-02-25,lockbox,5.1199487764002685,5.219414915899739,5.124183618755152,0.2910859782834679,0.5436515373467524,0.10273972602739725,5
1684,2026-02-26,lockbox,5.380436080209977,5.493947965683024,5.378475233332951,0.3640378033428877,0.39230262509123953,0.017699115044247787,5
1685,2026-02-27,lockbox,5.352630364108036,5.587713027098816,5.336080722365574,0.31807078997616,0.47703319785151876,0.02127659574468085,5
1686,2026-02-28,lockbox,5.306884405314619,5.510585442016939,5.283182552197809,0.34822122169429276,0.49560091105271364,0.02586206896551724,5
1687,2026-03-01,lockbox,5.0247432572373985,5.138707758175226,5.081703702590026,0.33651552757702174,0.5147835664772565,0.11510791366906475,5
1688,2026-03-02,lockbox,5.253248727273807,5.413354907282901,5.244445341259294,0.29006832673964333,0.532333494330533,0.10975609756097562,5
1689,2026-03-03,lockbox,5.272698190184556,5.48211302927394,5.267785411029685,0.29924893833817157,0.5482825682268312,0.09701492537313432,5
1690,2026-03-04,lockbox,5.14358938839972,5.120911049972803,5.20874166887126,0.3320228643169895,0.4681844019592925,0.07142857142857142,5
1691,2026-03-05,lockbox,5.349797960090843,5.584325585679144,5.317811536001794,0.28231688749916806,0.5710518682306869,0.045454545454545456,5
1692,2026-03-06,lockbox,5.2436914553347975,5.851918723389362,5.216859117650692,0.3373004198189654,0.4441803634184004,0.06923076923076923,5
1693,2026-03-07,lockbox,5.15102774103616,5.536457679127676,5.120248216444008,0.3003305001671188,0.5345075991731707,0.10714285714285714,5
1694,2026-03-08,lockbox,5.163433340149553,5.483892025761744,5.182836891150254,0.2679418990929464,0.6208244415660596,0.09803921568627451,5
1695,2026-03-09,lockbox,5.207704404045069,5.496894204731451,5.171922081238691,0.3020991420282881,0.5301678135595743,0.11267605633802817,5
1696,2026-03-10,lockbox,5.101417614818005,5.350294613937587,5.089875658719996,0.29162489521620194,0.49492903990422193,0.05732484076433121,5
1697,2026-03-11,lockbox,5.16395021230319,5.229869175715912,5.1836810319063655,0.34120155331262525,0.5033648625310365,0.09999999999999999,5
1698,2026-03-12,lockbox,5.194216070514024,5.396840212362915,5.193598063161662,0.2765880595086316,0.5692678866003414,0.08823529411764706,5
1699,2026-03-13,lockbox,5.343544990535605,5.412343416321503,5.382795824793224,0.32887936635778103,0.46303035025167544,0.04375,5
1700,2026-03-14,lockbox,5.190269829523663,5.325242810235501,5.224407578093707,0.33283272514701645,0.48550382797846764,0.04545454545454546,5
1701,2026-03-15,lockbox,5.133076092124057,5.294808446055374,5.192700296328255,0.3052087095386667,0.5732066300031192,0.0718562874251497,5
1702,2026-03-16,lockbox,5.284490244837765,5.490787693330548,5.26163810680505,0.3446297195609178,0.4747617080517288,0.037037037037037035,5
1703,2026-03-17,lockbox,5.0294507861704485,5.060832663152541,5.071169845922088,0.27901067444313504,0.5960104828174274,0.1267605633802817,5
1704,2026-03-18,lockbox,5.44806954040183,5.7961767279086445,5.398343281784644,0.31218738876846097,0.46361127038305433,0.054878048780487805,5
1705,2026-03-19,lockbox,5.314409122188559,5.388991441508983,5.331562410934542,0.2829750538183913,0.5770807799176754,0.0625,5
1706,2026-03-20,lockbox,5.301854576239355,5.470210833584694,5.309063179118353,0.29069532443885976,0.5175056858418159,0.03731343283582089,5
1707,2026-03-21,lockbox,5.0016724684992155,5.077003417534323,5.034103912479068,0.35846512725300017,0.43882107493006556,0.22758620689655173,5
1708,2026-03-22,lockbox,4.864659457807545,5.10945591828551,4.90187894159056,0.3438086168869654,0.5369288633068444,0.2408759124087591,5
1709,2026-03-23,lockbox,5.245411847456062,5.521658974646149,5.213677431968654,0.25371574676208625,0.5890025957299386,0.09392265193370165,5
1710,2026-03-24,lockbox,5.2560351520659845,5.376835780440738,5.273229826936207,0.3022707023294815,0.547134769876264,0.07086614173228346,5
1711,2026-03-25,lockbox,5.277462552861598,5.437214812302587,5.279956159313906,0.2724086748885367,0.5457653109557079,0.05521472392638036,5
1712,2026-03-26,lockbox,5.167326825578014,5.2631724136659,5.200206536075598,0.3111614202842383,0.5808125523320924,0.09401709401709402,5
1713,2026-03-27,lockbox,5.176461492767881,5.326353737135529,5.196487438703436,0.2855827029162588,0.5338958564463981,0.04819277108433735,5
1714,2026-03-28,lockbox,5.096427110880285,5.093556744645309,5.164295679478663,0.34085583202044234,0.4992094983172871,0.11607142857142859,5
1715,2026-03-29,lockbox,5.105914903757603,5.401104690301025,5.115032691594427,0.30556914712901145,0.5520073195692298,0.058333333333333334,5
1716,2026-03-30,lockbox,5.138844286608794,5.239601290485527,5.141062961826618,0.2625948772815454,0.5669765086219237,0.047337278106508875,5
1717,2026-03-31,lockbox,5.272288310064811,5.5226184183558855,5.265323999352651,0.3375678487061936,0.4159870912019758,0.10559006211180123,5
1718,2026-04-01,lockbox,5.112314801364835,5.134861667184529,5.154380541959631,0.3495979954653094,0.5155714346387372,0.3076923076923077,5
1719,2026-04-02,lockbox,5.297519334448488,5.4997644134148285,5.27443180652433,0.4505588326271282,0.16116663304326084,0.07547169811320754,5
1720,2026-04-03,lockbox,4.470314746920364,4.407143531953949,4.512596479066225,0.6137422284166516,0.17238043807659853,0.018518518518518517,5
1721,2026-04-04,lockbox,3.8615657248450495,3.8759411546766382,3.856628644173166,0.6229879000705236,0.2752748983296418,0.9555555555555556,5
1722,2026-04-05,lockbox,4.9518722053138156,5.344905215518173,4.898967870264013,0.33411134028587697,0.49827206250102907,0.2535211267605634,5
1723,2026-04-06,lockbox,5.346180187833747,5.601161674685259,5.311471139560571,0.28982746192327974,0.537202019280916,0.0641025641025641,5
1724,2026-04-07,lockbox,5.385416748396917,5.852487426034676,5.344263297570134,0.3483861139594722,0.33020531246596185,0.02777777777777778,5
1725,2026-04-08,lockbox,5.092392543311936,5.322596696413099,5.078861900667241,0.27184752079004265,0.5145371333294751,0.0975609756097561,5
1726,2026-04-09,lockbox,5.147869328308756,5.299225423585259,5.142474825555221,0.35862564409129916,0.43995752575010955,0.12056737588652483,5
1727,2026-04-10,lockbox,5.3427893188690385,5.630748316781374,5.314006764526239,0.3000542160450176,0.39863922204580754,0.058823529411764705,5
1728,2026-04-11,lockbox,5.335422682932281,5.654325468552747,5.30218036386167,0.29375025563186696,0.26920618335846674,0.04926108374384237,5
1729,2026-04-12,lockbox,5.007418632079445,5.314147346240882,5.044624481942507,0.29000733679367663,0.542922617583442,0.12000000000000001,5
1730,2026-04-13,lockbox,5.180078413715781,5.2595640720071,5.205680135765407,0.3215394270844846,0.46867418249739684,0.08695652173913043,5
1731,2026-04-14,lockbox,5.253983216606401,5.50858046204354,5.2408467412342565,0.24229699737060093,0.62094282992742,0.06842105263157895,5
1732,2026-04-15,lockbox,5.167794367532473,5.412142310248957,5.139812797116526,0.3200122519866805,0.44113932446408943,0.02962962962962963,5
1733,2026-04-16,lockbox,5.245939128928093,5.430482187417092,5.232565847329553,0.29386093477821595,0.5931436536116335,0.13934426229508198,5
1734,2026-04-17,lockbox,5.142303157663747,5.398228331846685,5.134143492410678,0.2550289703918548,0.6314844475508972,0.10880829015544041,5
1735,2026-04-18,lockbox,5.267160076366977,5.425253419549709,5.276000021406681,0.326278265077092,0.5278346127732786,0.13138686131386862,5
1736,2026-04-19,lockbox,5.079164705958424,5.1967116515069645,5.13597435820807,0.3280224548211351,0.4398086831340936,0.15602836879432622,5
1737,2026-04-20,lockbox,5.340403816976311,5.371504420590503,5.380521627908934,0.2835552793628967,0.5673169041139403,0.07407407407407408,5
1738,2026-04-21,lockbox,5.0777250207695825,5.155157675793081,5.108115421714353,0.2761993895611722,0.6265944330465315,0.1349206349206349,5
1739,2026-04-22,lockbox,5.304720116820347,5.426598440145122,5.318752994196832,0.27997615712812335,0.5266424452665204,0.09036144578313253,5
1740,2026-04-23,lockbox,5.20856483574771,5.218797308970203,5.257718341928275,0.349365130257247,0.4513142084573497,0.19672131147540986,5
1741,2026-04-24,lockbox,5.120285958804864,5.195575587930945,5.1627464553224325,0.3229732887820778,0.4702014016744856,0.10119047619047619,5
1742,2026-04-25,lockbox,5.2249004883404115,5.347546728931857,5.240547187673043,0.2459742339451823,0.556723362896408,0.03645833333333333,5
1743,2026-04-26,lockbox,5.118421038172988,5.404849364078445,5.1222777533796595,0.32038039434401977,0.51056952072186,0.09302325581395349,5
1744,2026-04-27,lockbox,5.149679418857536,5.261649970573794,5.169127640955503,0.47054471760269495,0.2574825708952095,0.05208333333333333,5
1745,2026-04-28,lockbox,5.207469349877834,5.200263874168385,5.268185646489007,0.34508750428881185,0.4301320218858589,0.05714285714285714,5
1746,2026-04-29,lockbox,5.362447683834816,5.4786370951071754,5.363001935160251,0.3266727143161968,0.47470325279905135,0.061068702290076333,5
1747,2026-04-30,lockbox,5.327146655491263,5.468167332800649,5.3252237123314305,0.2807279921080689,0.5675356312384442,0.04316546762589929,5
1748,2026-05-01,lockbox,5.272485976508747,5.293782539087566,5.30467543449431,0.26185869646139504,0.5825128403600167,0.05202312138728324,5
1749,2026-05-02,lockbox,5.404800035712938,5.497117857341278,5.420818916297998,0.32246942023740777,0.5038801627947807,0.03571428571428571,5
1750,2026-05-03,lockbox,5.2619253350813455,5.532910412671814,5.301757401495857,0.48100650856301613,0.21424805631731939,0.03305785123966942,5
1751,2026-05-04,lockbox,4.9938472119106425,5.140582754322377,4.989581914772837,0.2886617310840298,0.49962413364667274,0.06493506493506494,5
1752,2026-05-05,lockbox,5.188616571366133,5.144499659434524,5.251063223137675,0.28407630647588467,0.5927179562445791,0.07751937984496124,5
1753,2026-05-06,lockbox,5.247936041284365,5.364929192386755,5.25667124426935,0.27891249021043657,0.5402816266280935,0.06289308176100628,5
1754,2026-05-07,lockbox,5.306194458583628,5.375175882114223,5.332189298708705,0.2703029427012302,0.5313555680041844,0.04697986577181209,5
1755,2026-05-08,lockbox,5.30811155916663,5.504670181976783,5.344315863031726,0.3740353389024075,0.3697734632201926,0.07792207792207792,5
1756,2026-05-09,lockbox,5.107286789743247,5.118796105653755,5.17839509085679,0.3134786082511968,0.5341182874952964,0.08759124087591241,5
1757,2026-05-10,lockbox,5.243853975221147,5.597106747111679,5.236840883908917,0.3097416353659005,0.5395182314300553,0.055118110236220486,5
1758,2026-05-11,lockbox,5.508156685585663,5.776764744924228,5.476551807749612,0.3290605773017332,0.4258357475876431,0.05625,5
1759,2026-05-12,lockbox,5.073504788564219,5.093687210541452,5.102794463823416,0.35765637840574455,0.47147813545738804,0.09090909090909091,5
1760,2026-05-13,lockbox,5.199971774654218,5.288826650676464,5.238437152152886,0.3285594715176976,0.5148956111279454,0.12500000000000003,5
1761,2026-05-14,lockbox,5.3230530379210865,5.4772913717004865,5.322143392217917,0.24880859319710166,0.5661233041069599,0.03658536585365854,5
1762,2026-05-15,lockbox,5.2008257696722735,5.468938264487319,5.185417084915524,0.2843073063144303,0.5812049489232834,0.05755395683453238,5
1763,2026-05-16,lockbox,5.307953028703256,5.465132482692178,5.304327916242517,0.29778005328721,0.539522499968716,0.05,5
1764,2026-05-17,lockbox,5.307427460860105,5.564140787940032,5.3028550523485,0.3444405893884668,0.45657489247840366,0.015625,5
1765,2026-05-18,lockbox,5.233060252528421,5.402884672982589,5.223380003940008,0.2504996165254071,0.6004499896043705,0.03508771929824561,5
1766,2026-05-19,lockbox,5.202939323630996,5.3460690805259485,5.218422160105845,0.26784551971110426,0.5846491017728073,0.02158273381294964,5
1767,2026-05-20,lockbox,5.126840726947705,5.192323091209265,5.156532960730848,0.2759300204122195,0.5861980439984327,0.0510948905109489,5
1768,2026-05-21,lockbox,5.417784716084206,5.481847288277566,5.446733394559162,0.30476535547358374,0.47967548087618644,0.026490066225165563,5
1769,2026-05-22,lockbox,5.247118759207558,5.7307813812668424,5.175880347173445,0.2841377667429999,0.5586830257827513,0.07058823529411765,5
1770,2026-05-23,lockbox,5.487100572057116,5.785605662163911,5.4580955614096895,0.3547144537628044,0.37200253973769215,0.011627906976744186,5
1771,2026-05-24,lockbox,5.083232973242543,5.689207899911381,5.055191061043761,0.3628167711437368,0.37695455453805177,0.01834862385321101,5
1772,2026-05-25,lockbox,5.1517820850106055,5.2432007561409995,5.159328928985534,0.2705165445571729,0.6031773800584475,0.10559006211180126,5
1773,2026-05-26,lockbox,5.4374980921568286,5.501704493299254,5.463350510754623,0.3128820759466123,0.49568788267095326,0.056737588652482275,5
1774,2026-05-27,lockbox,5.160642125676249,5.259835695688082,5.1658206505478725,0.331854725763559,0.4289277097711323,0.03184713375796178,5
1775,2026-05-28,lockbox,5.4434553946163655,5.526254242041924,5.456608506733879,0.35215112645843405,0.31174405406890937,0.023529411764705885,5
1776,2026-05-29,lockbox,5.225535655109088,5.165617264393896,5.311132779237228,0.32520088099303723,0.42475680335739224,0.024691358024691357,5
1777,2026-05-30,lockbox,5.311137691376713,5.661671361299579,5.277272054414773,0.3148732309039314,0.46268375345447205,0.03804347826086957,5
1778,2026-05-31,lockbox,5.06884489943216,5.4450497421000055,5.065239686212266,0.2914656356436185,0.5530774455657418,0.0949367088607595,5
1779,2026-06-01,lockbox,5.124911367040131,5.176426903652983,5.141663321978118,0.27656262005033116,0.6586010008987674,0.16666666666666666,5
1780,2026-06-02,lockbox,5.351982296810479,5.606480800160357,5.313608542552734,0.29970581761839427,0.5086259079186886,0.060810810810810814,5
1781,2026-06-03,lockbox,5.262564113611367,5.483734799733027,5.241369634077494,0.3029630240774993,0.5219348559822431,0.07692307692307693,5
1782,2026-06-04,lockbox,5.140096271782156,5.401432285469282,5.092335442624719,0.3039833684518266,0.4206417760900323,0.029411764705882353,5
1783,2026-06-05,lockbox,5.2467503157103215,5.3379081797022305,5.255302657102593,0.2454331774214561,0.6308841866540036,0.09195402298850576,5
1784,2026-06-06,lockbox,5.308308545186978,5.455484825043689,5.3186552947907835,0.2958373650053653,0.5552062650931834,0.015748031496062992,5
1785,2026-06-07,lockbox,5.226616994763182,5.4202542404428,5.27611448179213,0.3096847870357998,0.532918981020552,0.05263157894736843,5
1786,2026-06-08,lockbox,5.249416607753295,5.332755047532851,5.251064593529849,0.3016523699860715,0.5497100035192463,0.07246376811594202,5
1787,2026-06-09,lockbox,5.271407247014169,5.396807579580447,5.270863068546136,0.30421004832442905,0.5097472856267307,0.09036144578313254,5
1788,2026-06-10,lockbox,5.211828259749243,5.2922206590121945,5.236605337073628,0.3250207855742545,0.5302190452698291,0.0849056603773585,5
1789,2026-06-11,lockbox,5.191798904239353,5.445364940540118,5.15748259296524,0.3126636213504625,0.542218939522379,0.042735042735042736,5
1790,2026-06-12,lockbox,5.132889793307805,5.276540310022269,5.136451668318899,0.2895383917697595,0.5785536621607305,0.11029411764705882,5
1791,2026-06-13,lockbox,5.2312521595558525,5.451936031222399,5.249120033483836,0.31767075492986424,0.5159341764731302,0.15322580645161293,5
1792,2026-06-14,lockbox,5.179548439801402,5.601426070500412,5.169251740554506,0.2713185512173638,0.5478178594999523,0.07228915662650603,5
1793,2026-06-15,lockbox,5.00092861702622,5.135579213701661,5.008315029631574,0.3227653285444721,0.5279990274126404,0.18548387096774194,5
1794,2026-06-16,lockbox,5.235863284545672,5.272131391836257,5.277645012411199,0.2811224822805316,0.6292017115134007,0.10091743119266056,5
1795,2026-06-17,lockbox,5.269187643898821,5.49676681716366,5.260855878128783,0.2992045233414446,0.5499493025270196,0.07857142857142857,5
1796,2026-06-18,lockbox,5.136327572671379,5.3792356585630206,5.098843393812455,0.3760029651403537,0.33952686929469883,0.04672897196261683,5
1797,2026-06-19,lockbox,5.361228149345773,5.789908183784901,5.299724447596995,0.3401818573074033,0.4719514613222266,0.037037037037037035,5
1798,2026-06-20,lockbox,5.05645210838393,5.2856309423669865,5.103211893139234,0.3561682121878934,0.5096333926756134,0.21296296296296294,5
1799,2026-06-21,lockbox,5.2988039112836685,5.599170894806333,5.29667258052366,0.2770369387978152,0.5227169686369165,0.05294117647058824,5
1800,2026-06-22,lockbox,5.388572219564916,5.571331104146392,5.378089223577286,0.3408474656417662,0.4233714962472596,0.06153846153846154,5
1801,2026-06-23,lockbox,5.3233638730701855,5.369454302162085,5.35792969822047,0.31661860457819563,0.5380708471606562,0.034482758620689655,5
1802,2026-06-24,lockbox,5.156817823023953,5.398191260501341,5.15200183532305,0.2947452320294849,0.548904901889468,0.05263157894736842,5
1803,2026-06-25,lockbox,5.377830999752482,5.513584506481276,5.37247748835579,0.3239173824343426,0.501708749785783,0.08208955223880599,5
1804,2026-06-26,lockbox,5.2775100984640835,5.543938282086087,5.244238089006953,0.2986355278397742,0.4077027184618563,0.08666666666666667,5
1805,2026-06-27,lockbox,4.995451253942721,4.822564175197543,5.135807052210275,0.39666282096915684,0.4100442486451718,0.25,5
1806,2026-06-28,lockbox,5.225444443133371,6.065831649847007,5.169157422762869,0.34431297924601273,0.4784098874873891,0.1015625,5
1807,2026-06-29,lockbox,5.195149425365374,5.407885908670282,5.16320768895371,0.3012313901695843,0.5678225875139475,0.016,5
1808,2026-06-30,lockbox,5.335493117321475,5.508245662537187,5.34482686610131,0.29095690051610434,0.5398110160585355,0.04697986577181208,5
1809,2026-07-01,lockbox,5.196125973481925,5.372562455302008,5.182266078488858,0.3283008176967598,0.5193278056324919,0.12605042016806722,5
1810,2026-07-02,lockbox,5.190682114902842,5.36055778663203,5.171956942413427,0.295616865036188,0.5128704540109731,0.09248554913294799,5
1811,2026-07-03,lockbox,5.337631435733982,5.60192175054245,5.31920298918482,0.3200185037101524,0.39246355542415046,0.04268292682926829,5
1812,2026-07-04,lockbox,4.885055177436673,4.985211467383512,4.912343945564843,0.42060406393781385,0.2854433703095576,0.05691056910569106,5
1813,2026-07-05,lockbox,4.879498643720282,5.038724981179232,4.985139747719137,0.3303793001320573,0.5879650145400016,0.29702970297029707,5
1814,2026-07-06,lockbox,5.266230035419591,5.333111095756084,5.27834197962365,0.30266872771573994,0.49533912638225897,0.03896103896103896,5
1815,2026-07-07,lockbox,5.288605667089216,5.490542509607002,5.292563154253359,0.2581201507664914,0.5883662118953225,0.07894736842105263,5
1816,2026-07-08,lockbox,5.402152899886401,5.543975643764396,5.402230911187287,0.30402343368895934,0.39075948753823586,0.02702702702702703,5
1817,2026-07-09,lockbox,5.162760679319438,5.313645192300026,5.1636371432443475,0.3282714309943795,0.4679511578583364,0.0763888888888889,5
1818,2026-07-10,lockbox,5.343946875123721,5.441445908613655,5.374130502541989,0.29797864624093606,0.48381353930397264,0.03614457831325301,5
1819,2026-07-11,lockbox,5.208139779364528,5.213503218749144,5.241125100626169,0.34581751487350043,0.45357442783403373,0.08053691275167786,5
1820,2026-07-12,lockbox,5.1720081754111,5.343147516579833,5.229473515652472,0.2957062105280083,0.46595341088386555,0.07692307692307693,5
1821,2026-07-13,lockbox,5.38898453398546,5.470252492501576,5.394720602949208,0.34058900515449453,0.46838670439926955,0.09420289855072464,5
